,Unnamed: 0,Symbol,Name,Last,YTD %Change,1-Month %Change,3-Month %Change,52-Week %Change,52-Week High,52-Week Low,Change,% Change,Assets Under Management,Time,Risk,Size,Percentile,Volatility
26,26,TDB2297.CF,TD Fixed Income Pool - D Series,9.54,,-0.0215,,,9.9997,9.54,-0.05,-0.005213764,"12,058 M",10/7/2022,low,large,None,0.048186583
135,135,PHN255.CF,PH&N Short Term Bond & Mortgage Series O - NL,9.3863,-0.0462,-0.0075,-0.0057,-0.049,9.857,9.3244,-0.014,-0.001489314,"7,464 M",10/7/2022,low,small,10%,0.057118957
136,136,RBF8255.CF,PH&N Short Term Bond & Mortgage Series O - NL,9.3863,-0.0462,-0.0075,-0.0057,-0.049,9.857,9.3244,-0.014,-0.001489314,"7,464 M",10/7/2022,low,small,10%,0.057118957
190,190,RBF138.CF,RBC Canadian Short-Term Income Fund Series O - N,9.9063,-0.0514,-0.0078,-0.0062,-0.0553,10.4698,9.8568,-0.014,-0.001411248,"6,259 M",10/7/2022,low,small,10%,0.062190569
120,120,IGI156.CF,Iprofile Fixed Income Private Pool Series I - NL,10.7076,-0.0926,-0.0167,-0.0132,-0.0844,11.8149,10.7046,-0.0242,-0.002254981,"7,805 M",10/7/2022,low,medium,30%,0.103721764
87,87,CIG90944.CF,CI Global Income & Growth Fund Series Pp,9.0483,,-0.0154,-0.0097,,9.8355,8.8774,0.0126,0.001371847,"8,802 M",10/7/2022,low to medium,medium,None,0.107925744
25,25,TDB2041.CF,TD Fixed Income Pool Investor Series,9.02,,-0.0213,-0.0181,,9.9633,8.9906,-0.04,-0.004415011,"12,058 M",10/7/2022,low,large,None,0.108190777
88,88,CIG4944.CF,CI Global Income & Growth Fund Series Y,9.0078,,-0.0162,-0.0123,,9.8414,8.8657,0.0124,0.00135608,"8,802 M",10/7/2022,low to medium,medium,None,0.110053352
89,89,CIG1944.CF,CI Global Income & Growth Fund Series Z,8.9629,,-0.0171,-0.0151,,9.8473,8.8521,0.0119,0.001307822,"8,802 M",10/7/2022,low to medium,medium,None,0.1124253
90,90,CIG2944.CF,CI Global Income & Growth Fund Series Z,8.9629,,-0.0171,-0.0151,,9.8473,8.8521,0.0119,0.001307822,"8,802 M",10/7/2022,low to medium,medium,None,0.1124253
91,91,CIG3944.CF,CI Global Income & Growth Fund Series Z,8.9629,,-0.0171,-0.0151,,9.8473,8.8521,0.0119,0.001307822,"8,802 M",10/7/2022,low to medium,medium,None,0.1124253
132,132,TDB399.CF,TD Monthly Income Fund - Ft8 Series - NL,11.4,-0.09,-0.0354,-0.0261,-0.0511,12.847,11.4,-0.13,-0.011274935,"7,695 M",10/7/2022,low to medium,medium,30%,0.126929825
126,126,TDB452.CF,TD Monthly Income Fund - F Series - NL,15.76,-0.0899,-0.0353,-0.0257,-0.0505,17.7608,15.76,-0.18,-0.011292346,"7,695 M",10/7/2022,low to medium,medium,30%,0.126954315
121,121,TDB3477.CF,TD Monthly Income Fund - Ft5 Series - NL,14.24,-0.0903,-0.0352,-0.0259,-0.0509,16.0559,14.24,-0.16,-0.011111111,"7,695 M",10/7/2022,low to medium,medium,30%,0.127521067
134,134,TDB3085.CF,TD Monthly Income Fund - D Series - NL,11.97,-0.0915,-0.0354,-0.0261,-0.0536,13.5106,11.97,-0.14,-0.011560694,"7,695 M",10/7/2022,low to medium,medium,30%,0.128705096
133,133,TDB622.CF,TD Monthly Income Fund - Investor Series - NL,23.13,-0.0943,-0.0357,-0.0274,-0.0566,26.1727,23.13,-0.26,-0.011115861,"7,695 M",10/7/2022,low to medium,medium,30%,0.131547773
122,122,TDB113.CF,TD Monthly Income Fund - Advisor Series - Lsc2,21.8235,-0.0942,-0.0359,-0.0274,-0.0568,24.6962,21.8235,-0.2527,-0.011446716,"7,695 M",10/7/2022,low to medium,medium,30%,0.131633331
123,123,TDB821.CF,TD Monthly Income Fund - Advisor Series - ISC,21.8235,-0.0942,-0.0359,-0.0274,-0.0568,24.6962,21.8235,-0.2527,-0.011446716,"7,695 M",10/7/2022,low to medium,medium,30%,0.131633331
124,124,TDB831.CF,TD Monthly Income Fund - Advisor Series - DSC,21.8235,-0.0942,-0.0359,-0.0274,-0.0568,24.6962,21.8235,-0.2527,-0.011446716,"7,695 M",10/7/2022,low to medium,medium,30%,0.131633331
125,125,TDB841.CF,TD Monthly Income Fund - Advisor Series - Lsc,21.8235,-0.0942,-0.0359,-0.0274,-0.0568,24.6962,21.8235,-0.2527,-0.011446716,"7,695 M",10/7/2022,low to medium,medium,30%,0.131633331
127,127,TDB398.CF,TD Monthly Income Fund - H8 Series - NL,10.68,-0.0944,-0.0364,-0.0273,-0.0573,12.0891,10.68,-0.12,-0.011111111,"7,695 M",10/7/2022,low to medium,medium,30%,0.131938202
128,128,TDB297.CF,TD Monthly Income Fund - T8 Series  - Lsc2,10.6549,-0.0944,-0.036,-0.0274,-0.0572,12.0608,10.6549,-0.1233,-0.011439758,"7,695 M",10/7/2022,low to medium,medium,30%,0.131948681
129,129,TDB395.CF,TD Monthly Income Fund - T8 Series - ISC,10.6549,-0.0944,-0.036,-0.0274,-0.0572,12.0608,10.6549,-0.1233,-0.011439758,"7,695 M",10/7/2022,low to medium,medium,30%,0.131948681
130,130,TDB396.CF,TD Monthly Income Fund - T8 Series - DSC,10.6549,-0.0944,-0.036,-0.0274,-0.0572,12.0608,10.6549,-0.1233,-0.011439758,"7,695 M",10/7/2022,low to medium,medium,30%,0.131948681
131,131,TDB397.CF,TD Monthly Income Fund - T8 Series - Lsc,10.6549,-0.0944,-0.036,-0.0274,-0.0572,12.0608,10.6549,-0.1233,-0.011439758,"7,695 M",10/7/2022,low to medium,medium,30%,0.131948681
188,188,PHN9060.CF,RBC Canadian Dividend Fund Series O - NL,87.7542,-0.0566,-0.0368,-0.024,-0.0024,99.9661,87.0055,-1.3809,-0.015492214,"6,274 M",10/7/2022,medium,small,15%,0.148962997
189,189,RBF167.CF,RBC Canadian Dividend Fund Series O - NL,87.7542,-0.0566,-0.0368,-0.024,-0.0024,99.9661,87.0055,-1.3809,-0.015492214,"6,274 M",10/7/2022,medium,small,15%,0.148962997
77,77,TDB2594.CF,TD Tactical Monthly Income Fund-Prem F NL,12.62,-0.1203,-0.0284,-0.0096,-0.066,14.3944,12.5149,-0.17,-0.013291634,"8,898 M",10/7/2022,low to medium,medium,30%,0.150180984
69,69,TDB2585.CF,TD Tactical Monthly Income Fund F Series - NL,13.53,-0.1207,-0.0284,-0.0091,-0.0667,15.4461,13.4235,-0.18,-0.013129103,"8,898 M",10/7/2022,low to medium,medium,30%,0.150676053
75,75,TDB2591.CF,TD Tactical Monthly Income Fund Ft8 Series - NL,14.62,-0.1217,-0.0291,-0.0101,-0.0674,16.7028,14.5088,-0.2,-0.013495277,"8,898 M",10/7/2022,low to medium,medium,30%,0.151218571
63,63,TDB3481.CF,TD Tactical Monthly Income Fund - Ft5 Series - N,14.44,-0.1213,-0.0293,-0.0096,-0.0676,16.5001,14.3327,-0.19,-0.012987013,"8,898 M",10/7/2022,low to medium,medium,30%,0.151220635
37,37,BNS385.CF,Scotia Canadian Dividend Fund Series A - NL,79.2784,-0.079,-0.0573,-0.043,-0.016,90.9679,78.9845,-1.4441,-0.017889684,"10,361 M",10/7/2022,medium,large,15%,0.151718375
79,79,TDB3043.CF,TD Tactical Monthly Income Fund - D Series - NL,10.98,-0.1226,-0.0287,-0.0097,-0.0694,12.5629,10.8989,-0.15,-0.013477089,"8,898 M",10/7/2022,low to medium,medium,30%,0.152675958
99,99,RBF266.CF,RBC Canadian Dividend Fund Series A - NL,86.1041,-0.0691,-0.0382,-0.0283,-0.0197,98.8906,85.6297,-1.3595,-0.015543609,"8,699 M",10/7/2022,medium,medium,15%,0.154863324
57,57,TDB299.CF,TD Dividend Growth Fund Ft8 Series - NL,10.74,-0.0483,-0.0348,-0.0264,0.0063,12.233,10.5909,-0.19,-0.017383349,"9,478 M",10/7/2022,medium,medium,10%,0.155048202
51,51,TDB856.CF,TD Dividend Growth Fund - F Series - NL,38.75,-0.0476,-0.0341,-0.0259,0.007,44.1031,38.1814,-0.66,-0.016747019,"9,478 M",10/7/2022,medium,medium,10%,0.155093842
45,45,TDB3483.CF,TD Dividend Growth Fund - Ft5 Series - NL,15.76,-0.0476,-0.034,-0.0257,0.0069,17.935,15.5248,-0.26,-0.016229713,"9,478 M",10/7/2022,medium,medium,10%,0.155248377
44,44,TDB2927.CF,TD Dividend Growth Fund - Premium F Ser NL,15.95,-0.047,-0.0335,-0.0253,0.0077,18.149,15.7089,-0.27,-0.016646116,"9,478 M",10/7/2022,medium,medium,10%,0.155332328
158,158,TDB2765.CF,TD Retirement Balanced Portfolio F Series - NL,19.06,-0.1301,-0.0241,-0.0271,-0.0929,22.023,19.06,-0.18,-0.009355509,"6,625 M",10/7/2022,low,small,None,0.155456453
164,164,TDB2771.CF,TD Retirement Balanced Portfolio Ft5 Series - NL,12.55,-0.1302,-0.0246,-0.0273,-0.093,14.5048,12.55,-0.12,-0.009471192,"6,625 M",10/7/2022,low,small,None,0.155760956
149,149,TDB3500.CF,TD Retirement Balanced Portfolio Ft8 Series - NL,12.1,-0.1303,-0.0249,-0.0275,-0.0928,13.9851,12.1,-0.12,-0.009819967,"6,625 M",10/7/2022,low,small,None,0.155793388
42,42,TDB3088.CF,TD Dividend Growth Fund - D Series - NL,14.68,-0.0491,-0.034,-0.0257,0.0052,16.7158,14.4618,-0.25,-0.016744809,"9,478 M",10/7/2022,medium,medium,10%,0.155858883
184,184,BTG770.CF,Beutel Goodman Canadian Equity Fund Class D - FE,40.6421,-0.0878,-0.0493,-0.045,-0.0474,47.0342,40.6421,-0.7517,-0.018159724,"6,335 M",10/7/2022,medium,small,30%,0.157277798
78,78,TDB2559.CF,TD Tactical Monthly Income Fund Series K,12.82,-0.1291,-0.0295,-0.0124,-0.0775,14.7679,12.755,-0.17,-0.01308699,"8,898 M",10/7/2022,low to medium,medium,None,0.157812623
151,151,TDB3059.CF,TD Retirement Balanced Portfolio D Series - NL,10.59,-0.132,-0.0249,-0.0275,-0.0951,12.2632,10.59,-0.1,-0.009354537,"6,625 M",10/7/2022,low,small,None,0.157998111
76,76,TDB2593.CF,TD Tactical Monthly Income Fund -Premium NL,11.62,-0.129,-0.0294,-0.0119,-0.0771,13.3893,11.5621,-0.15,-0.012744265,"8,898 M",10/7/2022,low to medium,medium,None,0.158033575
66,66,TDB2582.CF,TD Tactical Monthly Income Fund Adv-DSC,12.4539,-0.1293,-0.0298,-0.0126,-0.0782,14.3556,12.3952,-0.1645,-0.013036518,"8,898 M",10/7/2022,low to medium,medium,None,0.158157997
67,67,TDB2583.CF,TD Tactical Monthly Income Fund Adv - Lsc,12.4539,-0.1293,-0.0298,-0.0126,-0.0782,14.3556,12.3952,-0.1645,-0.013036518,"8,898 M",10/7/2022,low to medium,medium,None,0.158157997
68,68,TDB2584.CF,TD Tactical Monthly Income Fund Adv- Lsc2,12.4539,-0.1293,-0.0298,-0.0126,-0.0782,14.3556,12.3952,-0.1645,-0.013036518,"8,898 M",10/7/2022,low to medium,medium,None,0.158157997
65,65,TDB2581.CF,TD Tactical Monthly Income Fund Adv-ISc,12.4539,-0.1293,-0.0298,-0.0126,-0.0782,14.3556,12.3952,-0.1645,-0.013036518,"8,898 M",10/7/2022,low to medium,medium,None,0.158157997
64,64,TDB2580.CF,TD Tactical Monthly Income Fund - Investor Ser -,12.44,-0.1291,-0.0296,-0.0129,-0.0787,14.3429,12.3842,-0.16,-0.012698413,"8,898 M",10/7/2022,low to medium,medium,None,0.158161205
71,71,TDB2587.CF,TD Tactical Monthly Income Fund T8 Series - ISC,12.9321,-0.1293,-0.0298,-0.0126,-0.0784,14.9072,12.8709,-0.1707,-0.01302775,"8,898 M",10/7/2022,low to medium,medium,None,0.158209605
72,72,TDB2588.CF,TD Tactical Monthly Income Fund T8 Series - DSC,12.9321,-0.1293,-0.0298,-0.0126,-0.0784,14.9072,12.8709,-0.1707,-0.01302775,"8,898 M",10/7/2022,low to medium,medium,None,0.158209605
73,73,TDB2589.CF,TD Tactical Monthly Income Fund T8 Series - Lsc,12.9321,-0.1293,-0.0298,-0.0126,-0.0784,14.9072,12.8709,-0.1707,-0.01302775,"8,898 M",10/7/2022,low to medium,medium,None,0.158209605
74,74,TDB2590.CF,TD Tactical Monthly Income Fund T8 Series - Lsc2,12.9321,-0.1293,-0.0298,-0.0126,-0.0784,14.9072,12.8709,-0.1707,-0.01302775,"8,898 M",10/7/2022,low to medium,medium,None,0.158209605
70,70,TDB2586.CF,TD Tactical Monthly Income Fund H8 Series - NL,12.94,-0.1295,-0.0301,-0.0127,-0.0786,14.9204,12.8821,-0.17,-0.012967201,"8,898 M",10/7/2022,low to medium,medium,None,0.158227308
43,43,TDB2926.CF,TD Dividend Growth Fund- Premium Series NL,15.83,-0.0554,-0.0344,-0.0285,-0.0039,18.1137,15.6375,-0.27,-0.016770186,"9,478 M",10/7/2022,medium,medium,10%,0.15835012
52,52,TDB298.CF,TD Dividend Growth Fund H8 Series - NL,9.65,-0.0565,-0.0345,-0.0285,-0.0047,11.0469,9.532,-0.16,-0.016309888,"9,478 M",10/7/2022,medium,medium,15%,0.158927822
47,47,TDB121.CF,TD Dividend Growth Fund - Advisor Series - Lsc2,37.1675,-0.0559,-0.0349,-0.0286,-0.0044,42.5542,36.7162,-0.6334,-0.016756215,"9,478 M",10/7/2022,medium,medium,10%,0.159003383
48,48,TDB756.CF,TD Dividend Growth Fund - Advisor Series - ISC,37.1675,-0.0559,-0.0349,-0.0286,-0.0044,42.5542,36.7162,-0.6334,-0.016756215,"9,478 M",10/7/2022,medium,medium,10%,0.159003383
49,49,TDB776.CF,TD Dividend Growth Fund - Advisor Series - DSC,37.1675,-0.0559,-0.0349,-0.0286,-0.0044,42.5542,36.7162,-0.6334,-0.016756215,"9,478 M",10/7/2022,medium,medium,10%,0.159003383
50,50,TDB796.CF,TD Dividend Growth Fund - Advisor Series - Lsc,37.1675,-0.0559,-0.0349,-0.0286,-0.0044,42.5542,36.7162,-0.6334,-0.016756215,"9,478 M",10/7/2022,medium,medium,15%,0.159003383
46,46,TDB972.CF,TD Dividend Growth Fund - Investor Series - NL,102.34,-0.0559,-0.0349,-0.0286,-0.0045,117.1775,101.1003,-1.75,-0.016812374,"9,478 M",10/7/2022,medium,medium,10%,0.159022278
55,55,TDB099.CF,TD Dividend Growth Fund T8 Series - Lsc,9.5424,-0.0562,-0.0349,-0.0287,-0.005,10.9296,9.427,-0.1626,-0.01675425,"9,478 M",10/7/2022,medium,medium,15%,0.159393232
54,54,TDB098.CF,TD Dividend Growth Fund T8 Series - DSC,9.5424,-0.0562,-0.0349,-0.0287,-0.005,10.9296,9.427,-0.1626,-0.01675425,"9,478 M",10/7/2022,medium,medium,15%,0.159393232
56,56,TDB100.CF,TD Dividend Growth Fund T8 Series - Lsc2,9.5424,-0.0562,-0.0349,-0.0287,-0.005,10.9296,9.427,-0.1626,-0.01675425,"9,478 M",10/7/2022,medium,medium,15%,0.159393232
53,53,TDB097.CF,TD Dividend Growth Fund T8 Series - FE,9.5424,-0.0562,-0.0349,-0.0287,-0.005,10.9296,9.427,-0.1626,-0.01675425,"9,478 M",10/7/2022,medium,medium,15%,0.159393232
22,22,RBF209.CF,RBC Select Very Conservative Portfolio Series A-,11.7984,-0.1345,-0.0255,-0.023,-0.1176,13.6454,11.7679,-0.1013,-0.00851282,"12,290 M",10/7/2022,low,large,None,0.159544184
152,152,TDB2773.CF,TD Retirement Balanced Portfolio-Premium NL,17.14,-0.137,-0.0256,-0.03,-0.1021,19.9703,17.14,-0.17,-0.009820913,"6,625 M",10/7/2022,low,small,None,0.165128355
150,150,TDB2779.CF,TD Retirement Balanced Portfolio Series K,11.09,-0.1372,-0.0258,-0.03,-0.1023,12.9235,11.09,-0.11,-0.009821429,"6,625 M",10/7/2022,low to medium,small,None,0.165329125
180,180,TDB2751.CF,TD Retirement Conservative Portfolio Ft5 Ser - N,12,-0.139,-0.029,-0.0314,-0.1066,13.9869,12,-0.12,-0.00990099,"6,540 M",10/7/2022,low,small,None,0.165575
159,159,TDB2766.CF,TD Retirement Balanced Portfolio H5 Series - NL,11.39,-0.1377,-0.0258,-0.0305,-0.1027,13.2779,11.39,-0.12,-0.010425717,"6,625 M",10/7/2022,None,small,None,0.165750658
160,160,TDB2767.CF,TD Retirement Balanced Portfolio T5 Series - ISC,11.42,-0.1373,-0.0257,-0.0295,-0.1023,13.3143,11.42,-0.11,-0.00954033,"6,625 M",10/7/2022,low,small,None,0.165875657
161,161,TDB2768.CF,TD Retirement Balanced Portfolio T5 Series - DSC,11.42,-0.1373,-0.0257,-0.0295,-0.1023,13.3143,11.42,-0.11,-0.00954033,"6,625 M",10/7/2022,low,small,None,0.165875657
162,162,TDB2769.CF,TD Retirement Balanced Portfolio T5 Series - Lsc,11.42,-0.1373,-0.0257,-0.0295,-0.1023,13.3143,11.42,-0.11,-0.00954033,"6,625 M",10/7/2022,low,small,None,0.165875657
163,163,TDB2770.CF,TD Retirement Balanced Portfolio T5 Series - Lsc,11.42,-0.1373,-0.0257,-0.0295,-0.1023,13.3143,11.42,-0.11,-0.00954033,"6,625 M",10/7/2022,low,small,None,0.165875657
154,154,TDB2761.CF,TD Retirement Balanced Portfolio Advisor Ser - I,17.3448,-0.1375,-0.0254,-0.0301,-0.1027,20.2237,17.3448,-0.1704,-0.009728693,"6,625 M",10/7/2022,low,small,None,0.165980582
155,155,TDB2762.CF,TD Retirement Balanced Portfolio Advisor Ser - D,17.3448,-0.1375,-0.0254,-0.0301,-0.1027,20.2237,17.3448,-0.1704,-0.009728693,"6,625 M",10/7/2022,low,small,None,0.165980582
156,156,TDB2763.CF,TD Retirement Balanced Portfolio Advisor Ser -Ls,17.3448,-0.1375,-0.0254,-0.0301,-0.1027,20.2237,17.3448,-0.1704,-0.009728693,"6,625 M",10/7/2022,low,small,None,0.165980582
157,157,TDB2764.CF,TD Retirement Balanced Portfolio Advisor Ser -Ls,17.3448,-0.1375,-0.0254,-0.0301,-0.1027,20.2237,17.3448,-0.1704,-0.009728693,"6,625 M",10/7/2022,low,small,None,0.165980582
153,153,TDB2760.CF,TD Retirement Balanced Portfolio Investor Ser -,17.34,-0.1377,-0.0258,-0.0302,-0.1032,20.2193,17.34,-0.17,-0.009708738,"6,625 M",10/7/2022,low,small,None,0.166049596
174,174,TDB2745.CF,TD Retirement Conservative Portfolio F Ser - NL,18.33,-0.139,-0.0291,-0.0317,-0.1069,21.3762,18.33,-0.19,-0.010259179,"6,540 M",10/7/2022,low,small,None,0.166186579
165,165,TDB3499.CF,TD Retirement Conservative Portfolio Ft8 - NL,12.25,-0.1389,-0.029,-0.0313,-0.1069,14.2875,12.25,-0.12,-0.009700889,"6,540 M",10/7/2022,low,small,None,0.166326531
58,58,RBF657.CF,RBC Select Conservative Portfolio Series F - NL,21.493,-0.136,-0.025,-0.018,-0.1089,24.9598,21.3971,-0.2448,-0.011261489,"9,466 M",10/7/2022,low,medium,None,0.166503872
80,80,PHN115.CF,PH&N Bond Fund Series O - NL,8.9472,-0.1258,-0.0159,-0.009,-0.111,10.2557,8.7828,-0.032,-0.003563792,"8,861 M",10/7/2022,low,medium,30%,0.167702783
81,81,RBF8115.CF,PH&N Bond Fund Series O - NL,8.9472,-0.1258,-0.0159,-0.009,-0.111,10.2557,8.7828,-0.032,-0.003563792,"8,861 M",10/7/2022,low,medium,30%,0.167702783
100,100,PHN345.CF,PH&N Total Return Bond Fund Series O,9.9332,-0.1263,-0.016,-0.0089,-0.111,11.3903,9.7507,-0.0354,-0.003551151,"8,417 M",10/7/2022,low,medium,30%,0.16815203
101,101,RBF8345.CF,PH&N Total Return Bond Fund Series O,9.9332,-0.1263,-0.016,-0.0089,-0.111,11.3903,9.7507,-0.0354,-0.003551151,"8,417 M",10/7/2022,low,medium,30%,0.16815203
168,168,TDB3058.CF,TD Retirement Conservative Portfolio D Series -,10.78,-0.141,-0.0288,-0.0323,-0.1094,12.5993,10.78,-0.11,-0.01010101,"6,540 M",10/7/2022,low,small,None,0.168766234
23,23,TDB3474.CF,TD Fixed Income Pool F Series - NL,9.07,-0.1387,-0.0207,-0.0165,-0.126,10.5533,9.0278,-0.04,-0.004390779,"12,058 M",10/7/2022,low,large,None,0.168978046
96,96,PHN716.CF,PH&N Core Plus Bond Fund Series O - NL,8.613,-0.1284,-0.017,-0.0079,-0.1136,9.8971,8.4635,-0.0317,-0.003666987,"8,796 M",10/7/2022,None,medium,30%,0.169386188
97,97,RBF8716.CF,PH&N Core Plus Bond Fund Series O - NL,8.613,-0.1284,-0.017,-0.0079,-0.1136,9.8971,8.4635,-0.0317,-0.003666987,"8,796 M",10/7/2022,None,medium,30%,0.169386188
141,141,DJT07506.CF,Desjardins Canadian Bond Fund W Class,8.614,-0.1291,-0.0175,-0.0084,-0.1145,9.9073,8.4594,-0.027,-0.003124638,"6,854 M",10/7/2022,low,small,None,0.171158711
60,60,TDB2443.CF,TD Comfort Balanced Portfolio F - NL,10.32,-0.1393,-0.0246,-0.0181,-0.1011,12.04,10.28,-0.13,-0.012440191,"9,061 M",10/7/2022,low to medium,medium,None,0.171206226
148,148,DJT00606.CF,Desjardins Canadian Bond Fund I Class - NL,9.25,-0.1292,-0.0174,-0.0085,-0.1147,10.6395,9.0833,-0.029,-0.003125337,"6,854 M",10/7/2022,low,small,None,0.171325399
61,61,TDB3539.CF,TD Comfort Balanced Portfolio D Series - NL,10.71,-0.1411,-0.0246,-0.0183,-0.1032,12.52,10.68,-0.14,-0.012903226,"9,061 M",10/7/2022,low to medium,medium,None,0.172284644
166,166,TDB2753.CF,TD Retirement Conservative Portfolio - Premium N,16.77,-0.1444,-0.0295,-0.0334,-0.114,19.6774,16.77,-0.17,-0.010035419,"6,540 M",10/7/2022,low,small,None,0.173369112
167,167,TDB2759.CF,TD Retirement Conservative Portfolio K Series -,11,-0.1441,-0.0294,-0.0336,-0.1135,12.9075,11,-0.11,-0.00990099,"6,540 M",10/7/2022,low,small,None,0.173409091
24,24,TDB3610.CF,TD Fixed Income Pool - Advisor Series,8.5399,-0.1436,-0.0212,-0.0187,-0.1317,9.9973,8.5188,-0.0394,-0.004592449,"12,058 M",10/7/2022,low,large,None,0.173557309
169,169,TDB2740.CF,TD Retirement Conservative Portfolio Inv Ser - N,17.07,-0.1448,-0.0296,-0.034,-0.115,20.0411,17.07,-0.17,-0.009860789,"6,540 M",10/7/2022,low,small,None,0.174053896
176,176,TDB2747.CF,TD Retirement Conservative Portfolio T5 Ser - Is,11.09,-0.1447,-0.03,-0.0341,-0.1152,13.0245,11.09,-0.11,-0.009821429,"6,540 M",10/7/2022,low,small,None,0.174436429
177,177,TDB2748.CF,TD Retirement Conservative Portfolio T5 Ser - DS,11.09,-0.1447,-0.03,-0.0341,-0.1152,13.0245,11.09,-0.11,-0.009821429,"6,540 M",10/7/2022,low,small,None,0.174436429
178,178,TDB2749.CF,TD Retirement Conservative Portfolio T5 Ser - Ls,11.09,-0.1447,-0.03,-0.0341,-0.1152,13.0245,11.09,-0.11,-0.009821429,"6,540 M",10/7/2022,low,small,None,0.174436429
179,179,TDB2750.CF,TD Retirement Conservative Portfolio T5 Ser - Ls,11.09,-0.1447,-0.03,-0.0341,-0.1152,13.0245,11.09,-0.11,-0.009821429,"6,540 M",10/7/2022,low,small,None,0.174436429
170,170,TDB2741.CF,TD Retirement Conservative Portfolio Adv Ser -Is,16.9603,-0.1451,-0.0297,-0.034,-0.1153,19.9233,16.9603,-0.1724,-0.010062629,"6,540 M",10/7/2022,low,small,None,0.174702098
171,171,TDB2742.CF,TD Retirement Conservative Portfolio Adv Ser -Ds,16.9603,-0.1451,-0.0297,-0.034,-0.1153,19.9233,16.9603,-0.1724,-0.010062629,"6,540 M",10/7/2022,low,small,None,0.174702098
172,172,TDB2743.CF,TD Retirement Conservative Portfolio Adv Ser -Ls,16.9603,-0.1451,-0.0297,-0.034,-0.1153,19.9233,16.9603,-0.1724,-0.010062629,"6,540 M",10/7/2022,low,small,None,0.174702098
173,173,TDB2744.CF,TD Retirement Conservative Portfolio Adv Ser -Ls,16.9603,-0.1451,-0.0297,-0.034,-0.1153,19.9233,16.9603,-0.1724,-0.010062629,"6,540 M",10/7/2022,low,small,None,0.174702098
5,5,RBF461.CF,RBC Select Conservative Portfolio Series A - NL,21.069,-0.1423,-0.0258,-0.0203,-0.1173,24.6469,20.9802,-0.2406,-0.011290686,"25,053 M",10/7/2022,low,large,None,0.174769545
144,144,DJT03806.CF,Desjardins Canadian Bond Fund F Class - NL,8.996,-0.1333,-0.018,-0.0101,-0.1202,10.3996,8.8519,-0.028,-0.003102837,"6,854 M",10/7/2022,low,small,None,0.174843819
36,36,FID933.CF,Fidelity Canadian Bond Fund Series O,12.8509,-0.1126,-0.0255,-0.0102,-0.1124,14.5395,12.374,0,0,"10,609 M",8/31/2022,low,large,30%,0.175004041
175,175,TDB2746.CF,TD Retirement Conservative Portfolio H5 Ser - NL,11.17,-0.1455,-0.0297,-0.0345,-0.1152,13.1257,11.17,-0.12,-0.010628875,"6,540 M",10/7/2022,low,small,None,0.175085049
10,10,TDB2923.CF,TD Canadian Core Plus Bond Fd-Premium F NL,9.12,-0.1356,-0.0159,-0.0104,-0.1236,10.5707,8.9952,-0.03,-0.003278689,"13,235 M",10/7/2022,low,large,None,0.175148968
142,142,DJT07006.CF,Desjardins Canadian Bond Fund D Class,8.949,-0.1337,-0.018,-0.0102,-0.1207,10.3503,8.8075,-0.028,-0.003119082,"6,854 M",10/7/2022,low,small,None,0.17516889
34,34,TDB2921.CF,TD Canadian Bond Fund - Premium F Ser NL,9.08,-0.1378,-0.0186,-0.0122,-0.1266,10.5409,8.968,-0.03,-0.003293085,"11,313 M",10/7/2022,low,large,None,0.175390277
18,18,TDB699.CF,TD Canadian Core Plus Bond Fund  F Series - NL,10.32,-0.1365,-0.0167,-0.0114,-0.124,11.9713,10.1784,-0.03,-0.002898551,"13,235 M",10/7/2022,low,large,None,0.176147528
32,32,TDB406.CF,TD Canadian Bond Fund Series F - NL,10.66,-0.1386,-0.0195,-0.0132,-0.1281,12.3955,10.5333,-0.04,-0.003738318,"11,313 M",10/7/2022,low,large,None,0.176791699
62,62,TDB886.CF,TD Comfort Balanced Portfolio Inv - NL,16.39,-0.1459,-0.0256,-0.0209,-0.1094,19.27,16.36,-0.21,-0.012650602,"9,061 M",10/7/2022,low to medium,medium,None,0.177872861
38,38,PHN9072.CF,RBC Global Bond Fund Series O - NL,9.4897,-0.138,-0.035,-0.045,-0.1371,11.1307,9.4471,-0.0489,-0.005126538,"9,851 M",10/7/2022,low,medium,None,0.17821342
39,39,RBF193.CF,RBC Global Bond Fund Series O - NL,9.4897,-0.138,-0.035,-0.045,-0.1371,11.1307,9.4471,-0.0489,-0.005126538,"9,851 M",10/7/2022,low,medium,None,0.17821342
145,145,DJT03006.CF,Desjardins Canadian Bond Fund C Class - FE,8.881,-0.1373,-0.0186,-0.0115,-0.1253,10.3157,8.7548,-0.029,-0.00325477,"6,854 M",10/7/2022,low,small,None,0.178290766
146,146,DJT03206.CF,Desjardins Canadian Bond Fund C Class - DSC,8.881,-0.1373,-0.0186,-0.0115,-0.1253,10.3157,8.7548,-0.029,-0.00325477,"6,854 M",10/7/2022,low,small,None,0.178290766
147,147,DJT03406.CF,Desjardins Canadian Bond Fund C Class - LL,8.881,-0.1373,-0.0186,-0.0115,-0.1253,10.3157,8.7548,-0.029,-0.00325477,"6,854 M",10/7/2022,low,small,None,0.178290766
143,143,DJT00006.CF,Desjardins Canadian Bond Fund A Class - NL,4.904,-0.1376,-0.0185,-0.0117,-0.1257,5.6984,4.835,-0.016,-0.003252033,"6,854 M",10/7/2022,low,small,None,0.178572906
33,33,TDB3081.CF,TD Canadian Bond Fund - D Series - NL,8.73,-0.1392,-0.0188,-0.0122,-0.1286,10.1612,8.6211,-0.03,-0.003424658,"11,313 M",10/7/2022,low,large,None,0.178643097
12,12,TDB2003.CF,TD Canadian Core Plus Bond Fund - Premium Ser -,9.23,-0.1398,-0.0172,-0.0126,-0.1291,10.7602,9.1288,-0.03,-0.003239741,"13,235 M",10/7/2022,low,large,None,0.17870914
11,11,TDB3040.CF,TD Canadian Core Plus Bond Fund - D Series - NL,8.44,-0.1383,-0.0164,-0.0111,-0.1268,9.8147,8.3261,-0.03,-0.003541913,"13,235 M",10/7/2022,low,large,None,0.178787187
35,35,TDB2002.CF,TD Canadian Bond Fund - Premium Series - NL,8.76,-0.1409,-0.0196,-0.0142,-0.1311,10.217,8.6629,-0.03,-0.003412969,"11,313 M",10/7/2022,low,large,None,0.1793972
27,27,TDB162.CF,TD Canadian Bond Fund - Investor Series - NL,11.95,-0.1415,-0.0196,-0.0148,-0.1319,13.9496,11.8249,-0.04,-0.003336113,"11,313 M",10/7/2022,low,large,None,0.179680166
28,28,TDB107.CF,TD Canadian Bond Fund - Advisor Series - Lsc2,10.4331,-0.1416,-0.0192,-0.0141,-0.1318,12.1787,10.3215,-0.0353,-0.003372053,"11,313 M",10/7/2022,low,large,None,0.179935087
29,29,TDB306.CF,TD Canadian Bond Fund - Advisor Series - FE,10.4331,-0.1416,-0.0192,-0.0141,-0.1318,12.1787,10.3215,-0.0353,-0.003372053,"11,313 M",10/7/2022,low,large,None,0.179935087
30,30,TDB336.CF,TD Canadian Bond Fund - Advisor Series - DSC,10.4331,-0.1416,-0.0192,-0.0141,-0.1318,12.1787,10.3215,-0.0353,-0.003372053,"11,313 M",10/7/2022,low,large,None,0.179935087
31,31,TDB366.CF,TD Canadian Bond Fund - Advisor Series - LL,10.4331,-0.1416,-0.0192,-0.0141,-0.1318,12.1787,10.3215,-0.0353,-0.003372053,"11,313 M",10/7/2022,low,large,None,0.179935087
13,13,TDB694.CF,TD Canadian Core Plus Bond Fund - Investor Ser -,10.08,-0.1413,-0.0178,-0.0126,-0.1308,11.7678,9.9703,-0.04,-0.003952569,"13,235 M",10/7/2022,low,large,None,0.180285448
14,14,TDB695.CF,TD Canadian Core Plus Bond Fund Advisor - ISC,10.2571,-0.1414,-0.0176,-0.0129,-0.1308,11.9745,10.1449,-0.0364,-0.003536212,"13,235 M",10/7/2022,low,large,None,0.180346775
15,15,TDB696.CF,TD Canadian Core Plus Bond Fund Advisor - DSC,10.2571,-0.1414,-0.0176,-0.0129,-0.1308,11.9745,10.1449,-0.0364,-0.003536212,"13,235 M",10/7/2022,low,large,None,0.180346775
16,16,TDB697.CF,TD Canadian Core Plus Bond Fund Advisor - Lsc,10.2571,-0.1414,-0.0176,-0.0129,-0.1308,11.9745,10.1449,-0.0364,-0.003536212,"13,235 M",10/7/2022,low,large,None,0.180346775
17,17,TDB698.CF,TD Canadian Core Plus Bond Fund Advisor - Lsc2,10.2571,-0.1414,-0.0176,-0.0129,-0.1308,11.9745,10.1449,-0.0364,-0.003536212,"13,235 M",10/7/2022,low,large,None,0.180346775
198,198,TDB408.CF,TD Canadian Equity Fund - F - NL,20.9,-0.0324,-0.0202,-0.0057,0.0376,23.83,20.17,-0.36,-0.016933208,"6,159 M",10/7/2022,medium,small,10%,0.18145761
6,6,PHN9071.CF,RBC Bond Fund Series O - NL,5.9534,-0.1375,-0.0186,-0.0091,-0.1222,6.9127,5.8491,-0.0215,-0.003598387,"21,061 M",10/7/2022,low,large,None,0.181839941
7,7,RBF137.CF,RBC Bond Fund Series O - NL,5.9534,-0.1375,-0.0186,-0.0091,-0.1222,6.9127,5.8491,-0.0215,-0.003598387,"21,061 M",10/7/2022,low,large,None,0.181839941
191,191,TDB3089.CF,TD Canadian Equity Fund - D - NL,15.04,-0.0334,-0.0196,-0.0053,0.0355,17.15,14.51,-0.25,-0.016350556,"6,159 M",10/7/2022,medium,small,10%,0.181943487
192,192,TDB2928.CF,TD Canadian Equity Fund - Premium Series,14.89,-0.04,-0.021,-0.008,0.0273,17.06,14.4,-0.26,-0.017161716,"6,159 M",10/7/2022,medium to high,small,10%,0.184722222
193,193,TDB161.CF,TD Canadian Equity Fund - Inv - NL,45.75,-0.0407,-0.021,-0.0082,0.0259,52.43,44.25,-0.78,-0.016763378,"6,159 M",10/7/2022,medium,small,10%,0.184858757
195,195,TDB308.CF,TD Canadian Equity Fund - Advisor Series - FE,19.0709,-0.0409,-0.021,-0.0084,0.0256,21.8607,18.4485,-0.3247,-0.01674091,"6,159 M",10/7/2022,medium,small,10%,0.184958127
197,197,TDB368.CF,TD Canadian Equity Fund - Advisor Series - LL,19.0709,-0.0409,-0.021,-0.0084,0.0256,21.8607,18.4485,-0.3247,-0.01674091,"6,159 M",10/7/2022,medium,small,10%,0.184958127
196,196,TDB338.CF,TD Canadian Equity Fund - Advisor Series - DSC,19.0709,-0.0409,-0.021,-0.0084,0.0256,21.8607,18.4485,-0.3247,-0.01674091,"6,159 M",10/7/2022,medium,small,10%,0.184958127
194,194,TDB117.CF,TD Canadian Equity Fund - Advisor Series - Lsc2,19.0709,-0.0409,-0.021,-0.0084,0.0256,21.8607,18.4485,-0.3247,-0.01674091,"6,159 M",10/7/2022,medium,small,10%,0.184958127
138,138,TDB2444.CF,TD Comfort Balanced Growth Portfolio F - NL,10.38,-0.1464,-0.0263,-0.0189,-0.1004,12.22,10.31,-0.15,-0.014245014,"7,433 M",10/7/2022,low to medium,small,None,0.185257032
137,137,TDB3540.CF,TD Comfort Balanced Growth Portfolio D Series -,10.86,-0.1482,-0.0269,-0.0199,-0.1033,12.82,10.8,-0.17,-0.015412511,"7,433 M",10/7/2022,low to medium,small,None,0.187037037
139,139,TDB887.CF,TD Comfort Balanced Growth Portfolio Inv - NL,17.48,-0.1527,-0.0273,-0.0218,-0.1089,20.74,17.42,-0.26,-0.014656144,"7,433 M",10/7/2022,low to medium,small,None,0.190585534
1,1,GWL3005.CF,GWL Agg Portfolio 75/75 (Ps1),21.4713,-0.1099,0.0284,-0.0444,-0.0712,24.1835,20.3117,0.1389,0.006511222,"114,256 M",7/28/2022,None,large,30%,0.1906192
86,86,CIG5111.CF,CI Global Income & Growth Fund Class I,9.5811,-0.1348,-0.0153,-0.0094,-0.0805,11.1918,9.3957,0.0134,0.001377835,"8,802 M",10/7/2022,low to medium,medium,None,0.191161914
95,95,CIG18194.CF,CI Global Income & Growth Fund Class O,14.3012,-0.136,-0.0154,-0.0098,-0.0821,16.7289,14.0312,0.02,0.001377724,"8,802 M",10/7/2022,low to medium,medium,None,0.192264382
93,93,CIG90167.CF,CI Global Income & Growth Fund Class P,9.7737,-0.1364,-0.0154,-0.0099,-0.0827,11.4378,9.5914,0.0136,0.001370816,"8,802 M",10/7/2022,low to medium,medium,None,0.192505786
0,0,CLGO002A.CF,GWL Agg Portfolio 75/75 (Ps1),20.9357,-0.1264,0.0012,0.0163,-0.0807,24.1835,20.2769,-0.0794,-0.003778236,"114,256 M",10/6/2022,None,large,30%,0.192662586
92,92,CIG15194.CF,CI Global Income & Growth Fund Class Ef,10.6333,-0.1422,-0.0161,-0.0121,-0.0906,12.5281,10.4629,0.0146,0.001352578,"8,802 M",10/7/2022,low to medium,medium,None,0.197383135
119,119,FID2204.CF,Fidelity Global Balanced Portfolio Series B - Is,13.816,-0.1394,-0.0103,0.0026,-0.1169,16.2853,13.5997,-0.2092,-0.014916008,"7,902 M",10/7/2022,low to medium,medium,None,0.197474944
85,85,CIG4111.CF,CI Global Income & Growth Fund Class F,9.3335,-0.1437,-0.0163,-0.0127,-0.0928,11.0173,9.1908,0.0127,0.001340398,"8,802 M",10/7/2022,low to medium,medium,None,0.19873134
94,94,CIG16194.CF,CI Global Income & Growth Fund Class E,13.7721,-0.1493,-0.017,-0.0148,-0.1005,16.364,13.5974,0.0185,0.001323205,"8,802 M",10/7/2022,low to medium,medium,None,0.203465368
8,8,RBF658.CF,RBC Select Balanced Portfolio Series F - NL,29.4833,-0.1575,-0.0277,-0.0207,-0.1221,35.2079,29.2539,-0.4757,-0.015878367,"13,757 M",10/7/2022,low to medium,large,None,0.203528418
84,84,CIG3111.CF,CI Global Income & Growth Fund Class A,9.2059,-0.151,-0.0172,-0.0154,-0.1028,10.9601,9.0962,0.0123,0.001316099,"8,802 M",10/7/2022,low to medium,medium,None,0.204909743
82,82,CIG1111.CF,CI Global Income & Growth Fund Class A,9.2059,-0.151,-0.0172,-0.0154,-0.1028,10.9601,9.0962,0.0123,0.001316099,"8,802 M",10/7/2022,low to medium,medium,None,0.204909743
83,83,CIG2111.CF,CI Global Income & Growth Fund Class A,9.2059,-0.151,-0.0172,-0.0154,-0.1028,10.9601,9.0962,0.0123,0.001316099,"8,802 M",10/7/2022,low to medium,medium,None,0.204909743
2,2,RBF460.CF,RBC Select Balanced Portfolio Series A - NL,27.8255,-0.1638,-0.0285,-0.0231,-0.1307,33.4822,27.6161,-0.4498,-0.015907877,"30,841 M",10/7/2022,low to medium,large,None,0.212415946
19,19,PHN9079.CF,RBC Global Corporate Bond Fund Series O,8.0804,-0.1676,-0.0382,-0.039,-0.1639,9.7672,8.0526,-0.0418,-0.005146389,"12,326 M",10/7/2022,low,large,None,0.212925018
20,20,RBF194.CF,RBC Global Corporate Bond Fund Series O - NL,8.0804,-0.1676,-0.0382,-0.039,-0.1639,9.7672,8.0526,-0.0418,-0.005146389,"12,326 M",10/7/2022,low,large,None,0.212925018
40,40,RBF459.CF,RBC Select Growth Portfolio Series A - NL,31.4634,-0.1702,-0.0286,-0.0234,-0.1311,38.2262,31.1479,-0.6033,-0.01881391,"9,494 M",10/7/2022,low to medium,medium,None,0.227248065
199,199,TDB3491.CF,TD U.S. Dividend Growth Fund - Ft5 Series - NL,17.53,-0.1485,-0.0265,0.0065,-0.056,20.883,16.6609,-0.43,-0.023942094,"6,146 M",10/7/2022,low to medium,small,None,0.253413681
187,187,RBF8407.CF,RBC Canadian Dividend Fund Series O U$ - NL,63.8793,-0.1317,-0.0806,-0.0781,-0.0891,79.987,63.2554,-0.9486,-0.014632589,"6,274 M",10/7/2022,medium,small,None,0.264508643
114,114,RBF8385.CF,PH&N U.S. Multi-Style All-Cap Equity Fund O - NL,18.9791,-0.1498,-0.0298,-0.0015,-0.0704,22.7065,17.8502,-0.5476,-0.028043653,"8,212 M",10/7/2022,medium,medium,None,0.272058576
113,113,PHN385.CF,PH&N U.S. Multi-Style All-Cap Equity Fund O - NL,18.9791,-0.1498,-0.0298,-0.0015,-0.0704,22.7065,17.8502,-0.5476,-0.028043653,"8,212 M",10/7/2022,medium,medium,None,0.272058576
98,98,RBF405.CF,RBC Canadian Dividend Fund Series A U$ - NL,62.6782,-0.1432,-0.0819,-0.0822,-0.1049,79.1832,62.0849,-0.934,-0.014682718,"8,699 M",10/7/2022,medium,medium,None,0.275401909
21,21,RBF515.CF,RBC Select Very Conservative Portfolio Ser A U$-,8.5885,-0.2033,-0.0698,-0.0772,-0.1942,10.9286,8.5601,-0.0661,-0.007637557,"12,290 M",10/7/2022,low,large,None,0.276690693
59,59,RBF5516.CF,RBC Select Conservative Portfolio Series F U$ -,15.6455,-0.2048,-0.0693,-0.0724,-0.1862,19.8623,15.5452,-0.1644,-0.010398548,"9,466 M",10/7/2022,low,medium,None,0.277712734
4,4,RBF516.CF,RBC Select Conservative Portfolio Series A U$ -,15.3369,-0.2105,-0.07,-0.0746,-0.1939,19.6386,15.2413,-0.1616,-0.010426815,"25,053 M",10/7/2022,low,large,None,0.288512135
9,9,RBF5517.CF,RBC Select Balanced Portfolio Series F U$ - NL,21.4619,-0.2245,-0.0718,-0.0749,-0.1983,27.9209,21.2319,-0.3273,-0.015021203,"13,757 M",10/7/2022,low to medium,large,None,0.315044815
3,3,RBF517.CF,RBC Select Balanced Portfolio Series A U$ - NL,20.2551,-0.2303,-0.0726,-0.0772,-0.2062,26.5896,20.0416,-0.3095,-0.015050135,"30,841 M",10/7/2022,low to medium,large,None,0.326720422
41,41,RBF518.CF,RBC Select Growth Portfolio Series A U$ - NL,22.9033,-0.2362,-0.0727,-0.0775,-0.2065,30.3016,22.5987,-0.4187,-0.017953006,"9,494 M",10/7/2022,low to medium,medium,None,0.34085589
116,116,PHN8077.CF,RBC Global Equity Focus Fund Series O,21.8345,-0.2275,-0.0307,-0.0247,-0.1742,28.6819,20.8154,-0.6113,-0.027234494,"7,919 M",10/7/2022,medium,medium,None,0.377917311
117,117,PHN9077.CF,RBC Global Equity Focus Fund Series O,21.8345,-0.2275,-0.0307,-0.0247,-0.1742,28.6819,20.8154,-0.6113,-0.027234494,"7,919 M",10/7/2022,medium,medium,None,0.377917311
118,118,RBF8077.CF,RBC Global Equity Focus Fund Series O - NL,21.8345,-0.2275,-0.0307,-0.0247,-0.1742,28.6819,20.8154,-0.6113,-0.027234494,"7,919 M",10/7/2022,medium,medium,None,0.377917311
186,186,RBF202.CF,RBC European Equity Fund Series O - NL,21.7171,-0.246,-0.0147,-0.0186,-0.1886,29.2226,21.0126,-0.4504,-0.020318033,"6,275 M",10/7/2022,medium,small,None,0.39071795
185,185,PHN9074.CF,RBC European Equity Fund - O,21.7171,-0.246,-0.0147,-0.0186,-0.1886,29.2226,21.0126,-0.4504,-0.020318033,"6,275 M",10/7/2022,medium,small,None,0.39071795
140,140,CIF823.CF,Capital Group Global Equity Fund (Canada) F - NL,40.0424,-0.2608,-0.0118,-0.0059,-0.2347,56.0146,38.5337,-0.909,-0.022197043,"7,089 M",10/7/2022,medium,small,None,0.453652258
115,115,RBF8417.CF,RBC Global Equity Focus Fund Series O U$ - NL,15.894,-0.289,-0.0748,-0.0787,-0.246,22.7981,15.6242,-0.4308,-0.026389297,"7,919 M",10/7/2022,medium,medium,None,0.459153109
111,111,TDB410.CF,TD U.S. Blue Chip Equity Fund Series F - NL,32.98,-0.3165,-0.0583,-0.0435,-0.2971,50.55,31.21,-1.4,-0.04072135,"8,380 M",10/7/2022,medium,medium,None,0.619673182
103,103,TDB3554.CF,TD U.S. Blue Chip Equity Fund Ft5 Series - NL,15.55,-0.3167,-0.0579,-0.0432,-0.2973,23.8348,14.7153,-0.66,-0.040715608,"8,380 M",10/7/2022,medium,medium,None,0.619729125
104,104,TDB3555.CF,TD U.S. Blue Chip Equity Fund Ft8 Series - NL,13.86,-0.3167,-0.0581,-0.0435,-0.2974,21.2587,13.1232,-0.59,-0.04083045,"8,380 M",10/7/2022,medium,medium,None,0.619932638
112,112,TDB3091.CF,TD U.S. Blue Chip Equity Fund - D,18.75,-0.3187,-0.0583,-0.0439,-0.3004,28.85,17.76,-0.8,-0.040920716,"8,380 M",10/7/2022,medium,medium,None,0.624436937
105,105,TDB3550.CF,TD U.S. Blue Chip Equity Fund T8 Series - ISC,13.2301,-0.3229,-0.0591,-0.046,-0.3058,20.5026,12.5655,-0.561,-0.040678409,"8,380 M",10/7/2022,medium,medium,None,0.631658111
107,107,TDB123.CF,TD U.S. Blue Chip Equity Fund - Lsc2,24.1161,-0.323,-0.059,-0.0463,-0.306,37.3788,22.9076,-1.0225,-0.040674501,"8,380 M",10/7/2022,medium,medium,None,0.631720477
108,108,TDB310.CF,TD U.S. Blue Chip Equity Fund - FE,24.1161,-0.323,-0.059,-0.0463,-0.306,37.3788,22.9076,-1.0225,-0.040674501,"8,380 M",10/7/2022,medium,medium,None,0.631720477
109,109,TDB340.CF,TD U.S. Blue Chip Equity Fund - DSC,24.1161,-0.323,-0.059,-0.0463,-0.306,37.3788,22.9076,-1.0225,-0.040674501,"8,380 M",10/7/2022,medium,medium,None,0.631720477
110,110,TDB370.CF,TD U.S. Blue Chip Equity Fund - LL,24.1161,-0.323,-0.059,-0.0463,-0.306,37.3788,22.9076,-1.0225,-0.040674501,"8,380 M",10/7/2022,medium,medium,None,0.631720477
102,102,TDB3549.CF,TD U.S. Blue Chip Equity Fund H8 Series - NL,13.26,-0.3229,-0.0589,-0.0457,-0.3057,20.5449,12.5907,-0.56,-0.040520984,"8,380 M",10/7/2022,medium,medium,None,0.631752007
106,106,TDB977.CF,TD U.S. Blue Chip Equity Fund - Investor Ser - N,53.88,-0.3231,-0.059,-0.0464,-0.306,83.52,51.18,-2.29,-0.040769094,"8,380 M",10/7/2022,medium,medium,None,0.631887456
181,181,TDB3172.CF,TD U.S. Blue Chip Equity Fund - F Series U$ - NL,24.01,-0.3705,-0.1011,-0.0963,-0.358,40.06,23.85,-0.99,-0.0396,"6,380 M",10/7/2022,medium,small,None,0.67966457
182,182,TDB3011.CF,TD U.S. Blue Chip Equity Fund - D Series U$,13.65,-0.3727,-0.1008,-0.0966,-0.361,22.87,13.57,-0.57,-0.040084388,"6,380 M",10/7/2022,medium,small,None,0.685335298
183,183,TDB220.CF,TD U.S. Blue Chip Equity Fund - Inv Ser U$ - NL,39.22,-0.3768,-0.1017,-0.0992,-0.3663,66.2,38.98,-1.63,-0.039902081,"6,380 M",10/7/2022,medium,small,None,0.698306824
